Feature,RandomForest_Importance,LogisticRegression_Coefficient
1,0.0,0.0
2,0.0,0.0
3,0.0,0.0
4,0.0,0.0
5,0.0,0.0
6,0.0,0.0
7,0.0,0.0
8,0.0,0.0
9,0.0,0.0
10,0.0,0.0
11,0.0,0.0
12,0.0,0.0
13,0.0,0.0
14,0.0,0.0
15,0.0,0.0
16,0.0,0.0
17,0.0,0.0
18,0.29597585513078467,0.2971173766810752
19,0.16418511066398386,0.29540599258867317
20,0.22334004024144868,0.32176486194041054
21,0.20221327967806843,0.3161267666229943
22,0.11428571428571431,-0.7175965279784027
23,0.0,0.0
24,0.0,0.0
25,0.0,0.0
